case_id,file_date,name,attorney,charge_code,charge_desc
2009F00000,2009-01-01,Wright,Leslie ,lee,claude,784 021 1 A,AGGRAVATED ASSAULT
2009F00001,2009-01-01,Newton,Rickey,Schneider,Stacey ,S827 03 1 A,AGGRAVATED CHILD ABUSE BY AGGRAVATED BATTERY
2009F00002,2009-01-01,Quinn,Bessie,Phil Rodriguez,S782 04 3,FELONY MURDER 2
2009F00003,2009-01-01,Gardner,Brian,Winston Holland,784 041 2 A,BATTERY FELONY BATTERY OR DOMESTIC BATTERY BY STRANGULATION
2009M00004,2009-01-01,Dwayne Vega,Elvira Schmidt,784 041 2 A,FELONY BATTERY OR DOMESTIC BATTERY STRANGULATION
2009F00005,2009-01-01,Robbins,Betty,Tate,Sylvia ,784 03 1 A 2,ASSAULT DOMESTIC VIOLENCE
2009F00006,2009-01-01,conner,terri,784 021 1 A,AGGRAVATED ASSULT W DEADLY WEAPON WITHOUT INTENT TO KILL
2009M00007,2009-01-01,Dolores Berry,STATE OF COLORADO,901 04,OUT OF CTY WARRANT AGG ASSLT W DEADLY WEAPON
2009M00008,2009-01-01,Brittany Dawson,Eddie Keller,782 04 1 A 2 A,ATT 1ST DEGREE FELONY MURDER
2009M00009,2009-01-01,Dean Davidson,Marian Wallace,784 03,PRINCIPAL TO BATTERY
2009M00010,2009-01-01,Malone,Caroline,Fields,Rosa ,784 081 4,ASSLT ON ELECTED OFFICIAL OR EDUCATION EMPLOYEE
2009M00011,2009-01-01,Edwin Love,STATE OF COLORADO,812 131 2A,ROBBERY BY SUDDEN SNATCHING WITH FIREARM OR DEADLY WEAPON
2009F00012,2009-01-01,Gregg Porter,Victor Adkins,784 045 1 A 1,AGGRAV BATTERY CAUSE BODILY HARM OR DISABILITY DOMESTIC
2009F00013,2009-01-01,Lonnie Hicks,JOEL CAIN,787 02 1 A,FALSE IMPRISONMENT
2009F00014,2009-01-01,Jeannie Sullivan,Rodolfo Malone,784 021 1 B,AGGRAVATED ASSAULT WITH INTENT TO COMMIT A FELONY
2009M00015,2009-01-01,Floyd,Rosie,Orlando Tyler,812 13 2 A,ATTEMPTED ARMED ROBBERY
2009F00016,2009-01-01,gross,toni,BURNS,PERCY,S784 041 1,FELONY BATTERY
2009F00017,2009-01-01,Amelia Maldonado,Emily Hogan,S784 041 1 B,FELONY BATTERY CAUSING GREAT BODILY HARM PERM DISABILITY OR DISFIGUREMENT
2009M00018,2009-01-01,carlos martin,jean henderson,iii,784 045 1 B A,AGGRAVATED BATTERY ON A PREGNANT PERSON
2009M00019,2009-01-01,Hogan,Eloise,Joan,ALTON AGUILAR,784 03 1 A 2,ASSAULT DOMESTIC VIOLENCE
2009M00020,2009-01-01,Joyce Cox,STATE OF COLORADO,S782 04 1 A 2,MURDER ATTEMPTED FIRST DEGREE
2009M00021,2009-01-02,Brian Arnold,jr,mills,784 03 1 A 1,DOMSETIC VIOLENCE BATTERY TOUCH OR STRIKE
2009F00022,2009-01-02,Hawkins,Tanya,Vernon Gonzales,784 045 1 B A,AGGRAVATED BATTERY ON A PREGNANT PERSON
2009M00023,2009-01-02,Simpson,Henry,TERRY MATHIS,S787 01,KIDNAPPING
2009F00024,2009-01-02,Anne Castillo,STATE OF COLORADO,316 193 3 C 3 A,DUI MANSLAUGHTER
2009F00025,2009-01-02,Neal Terry,STATE OF COLORADO,784 041 2 A,FELONY BATTERY OR DOMESTIC BATTERY STRANGULATION
2009F00026,2009-01-02,Nicolas Cortez,lee,claude,782 051 1,ATTEMPTED FIRST DEGREE FELONY MURDER
2009M00027,2009-01-02,Mcguire,Meredith,Perkins,Chester ,787 01 1 A 2,KIDNAPPING COMMIT OR FACILITATE COMMISSION OF FEL
2009M00028,2009-01-02,lynda bridges,STACEY CRAWFORD,782 04 1 A 1,ATTEMPTED FIRST DEGREE MURDER
2009M00029,2009-01-02,md,Jennifer Figueroa,STATE OF COLORADO,812 13 2 A,ROBBERY WITH A DEADLY WEAPON WITH FIREARM F1 PBL
2009M00030,2009-01-03,Abel Weber,Marcos Rose,S825 102 3 B,CULPABLE NEGLIGENCE OF A DISABLED ADULT CAUSING GREAT BODILY HARM
2009M00031,2009-01-03,Derek Holt,jr,STATE OF COLORADO,784 045 1 A 2,DOMESTIC AGGRAV BATTERY PERSON USES A DEADLY WEAPON
2009M00032,2009-01-03,Francis Griffith,STATE OF COLORADO,784 045 1 B A,AGGRAVATED BATTERY ON A PREGNANT PERSON
2009F00033,2009-01-03,Manuel Mcbride,Lawrence Pope,784 041 2 A,FELONY BATTERY BY STRANGULATION
2009F00034,2009-01-03,Rita Schwartz,812 13 2 A,ATTEMPTED ARMED ROBBERY
2009M00035,2009-01-03,Scott,Fannie ,lee,claude,784 011,ASSAULT
2009F00036,2009-01-03,iii,Daryl Jordan,STATE OF COLORADO,784 03 1 A 1,AGGRAVATED BATTERY WITH MOTOR VEHICLE
2009F00037,2009-01-04,brian alexander,baker,kathy,jd,787 02 1 A,KIDNAP FALSE IMPRISONMENT ADULT
2009M00038,2009-01-04,Esther Daniels,Stuart Jackson,782 04 1 A 2 A,ATT 1ST DEGREE FELONY MURDER
2009M00039,2009-01-04,Townsend,Lyle,Burns,Steven ,S784 08 2 A,BATTERY AGG PERSON 65 YEARS OF AGE OR OLDER
2009M00040,2009-01-04,Silvia Perez,STATE OF COLORADO,784 03 1 A 2,BATTERY CAUSE BODILY HARM DOMESTIC VIOLENCE
2009F00041,2009-01-04,Jan Hansen,STATE OF COLORADO,784 021 1 A,AGGRAVATED ASSAULT
2009M00042,2009-01-04,lawrence young,jr,mills,784 03 2,BATTERY
2009F00043,2009-01-04,Priscilla Mcbride,Wm Cain,812 131 2 B,ROBBERYBY SUDDEN SNATCHING WO FIREARM OR WEAPON
2009F00044,2009-01-04,Natalie Robbins,DEBORAH CRAIG,S784 045 1 B,BATTERY AGG VICTIM PREGNANT GREAT BODILY INJURY OR LOSS OF FETUS
2009M00045,2009-01-04,Mark Manning,Angel Rivera,787 01 2,KIDNAP FALSE IMPRISONMENT
2009M00046,2009-01-04,Walters,Hubert,Otis Rios,812 133 2 B,CARJACKING
2009M00047,2009-01-04,Jordan,Lila ,lee,claude,S784 045 1 A 2,BATTERY AGG WITH A DEADLY WEAPON
2009M00048,2009-01-04,Barnett,Wilbur,jr,mills,787 02 1 A,FALSE IMPRISONMENT
2009F00049,2009-01-04,Delores Kennedy,784 021,AGGRAVATED ASSAULT
2009M00050,2009-01-04,sandra ross,hall,787 01 2,KIDNAP FALSE IMPRISONMENT
2009F00051,2009-01-04,Munoz,Jeremiah,Rosie Johnson,S784 041 1,FELONY BATTERY
2009F00052,2009-01-04,Van Klein,jr,mills,901 04,OUT OF COUNTY WARRANT ORANGE COUNTY 2D DEGREE MURDER 2 COU
2009M00053,2009-01-04,janice barnes,hall,812 133 2 B,CARJACKING
2009F00054,2009-01-05,Philip Hicks,STATE OF COLORADO,784 045 1 A 1,AGGRAVATED BATTERY RECLASSIFIED
2009M00055,2009-01-05,Susie Goodwin,MICHELE RAMOS,784 045 1 A 1,AGGRAV BATTERY CAUSE BODILY HARM OR DISABILITY DOMESTIC
2009F00056,2009-01-05,Carlson,Jessie,jr,jr,mills,784 03 2,BATTERY
2009M00057,2009-01-05,munoz,holly,784 03 1 A 1,DV BATTERY TOUCH OR STRIKE NO BOND
2009M00058,2009-01-05,STATE OF COLORADO,784 041 2 A,FELONY BATTERY BY STRANGULATION
2009F00059,2009-01-05,Sharp,Yolanda,jr,mills,787 02 1 A,KIDNAP FALSE IMPRISONMENT ADULT
2009M00060,2009-01-05,Armando Schwartz,Dwayne Wright,901 04,OUT COUNTY WARRANT ORANGE COUNTY ROBBERY WITH FIREARM
2009F00061,2009-01-06,Rochelle Coleman,Marion Barber,784 045 1 B,AGGRAVATED BATTERY OFFENDER KNEW OR SHOULD HAVE KNOWN VICTIM
2009F00062,2009-01-06,Latoya Lloyd,Miguel Obrien,784 045 1 B A,AGGRAVATED BATTERY ON A PREGNANT PERSON
2009F00063,2009-01-06,Olive Moreno,STATE OF COLORADO,784 03 2,FELONY BATTERY OR DOMESTIC BATTERY BY STRANGULATIONSTRICKING
2009F00064,2009-01-06,griffin,harold,jr,jr,mills,784 03 1 A 1,FELONY BATTERY STRANGULATION STRICKING OR TOUCHING A PERSO
2009F00065,2009-01-06,rick knight,jr,gilbero taylor,784 021 1 B,ASSAULT WITH INTENT TO COMMIT A FELONY DOMESTIC VIOLENCE
2009M00066,2009-01-06,Bethany Blair,STATE OF COLORADO,S782 04 1 A 2,MURDER ATTEMPTED FIRST DEGREE
2009M00067,2009-01-06,Reid,Georgia,Rodgers,Toni ,782 07 3,AGGRAVATED MANSLAUGHTER OF A CHILD
2009F00068,2009-01-06,Harper,Glenda,Keith Horton,812 133 2 B,CARJACKING
2009M00069,2009-01-06,Alton Vasquez,784 045 1 A 2,AGGRAV BATTERY PERSON USES A DEADLY WEAP
2009F00070,2009-01-06,Marta Newton,jr,784 03,PRINCIPAL TO BATTERY
2009F00071,2009-01-06,Nathan Rivera,Kim Adams,S784 041 1,FELONY BATTERY
2009M00072,2009-01-06,Conner,Vicky,Mario Maxwell,784 03 1 A 1,FELONY BATTERY
2009F00073,2009-01-06,Burns,Pam,Darnell Soto,S782 04 1 A 2,MURDER ATTEMPTED FIRST DEGREE
2009F00074,2009-01-06,Joanna Moss,Willard Miller,787 01 2,KIDNAPPING
2009M00075,2009-01-06,Sheri King,Joseph Oliver,784 021 1 A,AGGRAVATED ASSAULT WITH A DEADLY WEAPON WITHOUT INTENT TO
2009F00076,2009-01-06,Gilbert Cortez,STATE OF COLORADO,784 041 2 A,BATTERY FELONY BATTERY OR DOMESTIC BATTERY BY STRANGULATION
2009F00077,2009-01-06,Rick Turner,Erma Floyd,827 03 2 A,CRUELTY TOWARD CHILD AGGRAVATED BATTERY ON CHILD
2009F00078,2009-01-06,Deborah Jackson,STATE OF COLORADO,784 045 1 A 2,AGGRAV BATTERY PERSON USES A DEADLY WEAP
2009F00079,2009-01-06,Mckenzie,Darnell,Kevin Glover,784 045 1 B,AGGRAVATED BATTERY OFFENDER KNEW OR SHOULD HAVE KNOWN VICTIM
2009M00080,2009-01-06,Mullins,Cary,Sharp,Sara ,782 04 1 A 1,ATTEMPTED FIRST DEGREE MURDER
2009M00081,2009-01-06,Joshua Parks,lee,claude,784 045 1 A 1,AGGRAVATED BATTERY
2009F00082,2009-01-07,Lucy Porter,STATE OF COLORADO,784 041 2 A,FELONY BATTERY OR DOMESTIC BATTERY STRANGULATION
2009M00083,2009-01-07,James,Juana,Pope,Tracy ,812 13 2 A,ATTEMPTED ARMED ROBBERY
2009F00084,2009-01-07,Angelica Logan,STATE OF COLORADO,784 03 1 A 1,DV BATTERY TOUCH OR STRIKE NO BOND
2009M00085,2009-01-07,norma stevenson,jr,mills,S784 041 1 B,FELONY BATTERY CAUSING GREAT BODILY HARM PERM DISABILITY OR DISFIGUREMENT
2009F00086,2009-01-07,Gonzalez,Johnathan,Lucas,Wade ,316 193 3 C 3 A,DUI MANSLAUGHTER
2009M00087,2009-01-07,Madeline Moran,STATE OF COLORADO,782 07 3,AGGRAVATED MANSLAUGHTER OF A CHILD
2009F00088,2009-01-07,Henry Chambers,lee,claude,784 03,PRINCIPAL TO BATTERY
2009M00089,2009-01-07,Brittany Baker,STATE OF COLORADO,812 133 2 B,CARJACKING
2009F00090,2009-01-08,Jeannette Hayes,Aaron Wade,784 03 1 A 1,BATTERY TOUCH OR STRIKE DOMESTIC RELATED
2009F00091,2009-01-08,Janie Ferguson,STATE OF COLORADO,784 03 1 A 1,DV BATTERY TOUCH OR STRIKE NO BOND
2009M00092,2009-01-08,Ernestine Pratt,STATE OF COLORADO,S784 045 1 A 2,AGGRAVATED BATTERY WITH A DEADLY WEAPON INVOLVING GANG ACTIVITY
2009F00093,2009-01-08,Wheeler,Beth,jr,jr,mills,901 04,OUT OF COUNTY WARRANT ORANGE COUNTY AGGRAVATED BATTERY W
2009F00094,2009-01-08,Schwartz,Cassandra,Bowen,Willie ,782 07 3,AGGRAVATED MANSLAUGHTER OF A CHILD
2009M00095,2009-01-08,rowe,cora,S787 01,KIDNAPPING
2009M00096,2009-01-09,Lucas Simpson,Rogelio Larson,784 011,ASSAULT
2009F00097,2009-01-09,Barbara Lowe,STATE OF COLORADO,784 021 1 A,AGGRAVATED ASSAULT WITH A DEADLY WEAPON WITHOUT INTENT TO
2009M00098,2009-01-09,Lynda Montgomery,Ray Moody,S787 01,KIDNAPPING
2009M00099,2009-01-09,Eva Goodman,STATE OF COLORADO,784 021 1 A,AGGRAVATED ASSAULT WITH A DEADLY WEAPON WITHOUT INTENT TO
2009F00100,2009-01-10,Gustavo Ingram,jr,mills,782 04 1 A 1,ATTEMPTED FIRST DEGREE MURDER
2009M00101,2009-01-10,terry ramirez,sr,taylor,gilbero,782 051 1,ATTEMPTED FIRST DEGREE FELONY MURDER
2009F00102,2009-01-10,Domingo Shaw,jr,mills,784 021 1 A,AGGRAVATED ASSULT W DEADLY WEAPON WITHOUT INTENT TO KILL
2009M00103,2009-01-10,Beck,Vincent,Leslie Hart,784 021 1A,AGGRAVATED ASSAULT DEADLY WEAPON
2009M00104,2009-01-10,Rosemarie Chandler,lee,claude,784 03 1 A 2,ASSAULT DOMESTIC VIOLENCE
2009M00105,2009-01-10,Simmons,Marvin,Flowers,Marco ,784 021 1 A,AGGRAV ASSLT WEAPON WITH A DEADLY WEAPON WITH INTENT TO KILL
2009F00106,2009-01-10,Dave Norman,STATE OF COLORADO,784 045 1 A 2,DOMESTIC AGGRAV BATTERY PERSON USES A DEADLY WEAPON
2009F00107,2009-01-10,Carole Fields,Johnathan Waters,784 03 1 A 1,AGGRAVATED BATTERY WITH MOTOR VEHICLE
2009M00108,2009-01-10,Warren,Peggy,Allan Carlson,812 133 2 B,CARJACKING
2009M00109,2009-01-10,beverly wright,md,steven brown,784 03 1 A 1,FELONY BATTERY STRANGULATION STRICKING OR TOUCHING A PERSO
2009M00110,2009-01-10,Hector Baker,RAYMOND LITTLE,S812 13 2 C,ROBBERY UNARMED
2009M00111,2009-01-10,guy,paul,edwards,lee,claude,812 13 2 A,ATTEMPTED ARMED ROBBERY
2009M00112,2009-01-11,smith,delia,crawford,stacey,S784 045 1 A 2,BATTERY AGG WITH A DEADLY WEAPON
2009F00113,2009-01-11,Lester Patton,lee,claude,784 041 1,FELONY BATTERY OR DOMESTIC BATTERY BY STRANGULATION
2009M00114,2009-01-11,Thornton,Joanna,White,Samuel ,784 03 1 A 2,BATTERY CAUSE BODILY HARM DOMESTIC VIOLENCE
2009F00115,2009-01-11,Janis Roy,STATE OF COLORADO,S787 01 1 A 3,KIDNAPPING BODILY HARM OR TERRORIZE
2009M00116,2009-01-11,Harrington,Eloise,Lola Munoz,316 193 3 C 3 A,DUI MANSLAUGHTER
2009F00117,2009-01-11,Frances Simon,lee,claude,787 01 2,KIDNAPPING
2009M00118,2009-01-12,Yolanda Brady,STATE OF COLORADO,782 04 1 A 1,ATTEMPTED FIRST DEGREE MURDER
2009M00119,2009-01-12,Taylor,Bethany,Gray,Luz ,S784 045 1 A 2,AGGRAVATED BATTERY WITH A DEADLY WEAPON INVOLVING GANG ACTIVITY
2009M00120,2009-01-12,Bailey,Nellie,IDA BREWER,784 045 1 B A,AGGRAVATED BATTERY ON A PREGNANT PERSON
2009F00121,2009-01-12,tamara cruz,gilberto taylor,S782 051 2,ATTEMPTED THIRD DEGREE FELONY MURDER
2009F00122,2009-01-12,Dana Rios,jr,mills,S787 01 1 A 2,KIDNAPPING TO COMMIT OR FACILITATE THECOMMISSION OF A FELONY WITH A FIREARM
2009F00123,2009-01-12,Wilson,Chester ,lee,claude,784 021,AGGRAVATED ASSAULT
2009F00124,2009-01-12,Maria Gordon,Wendy Cortez,S784 03 1 A,BATTERY
2009M00125,2009-01-13,Bridges,Jackie,Anne,BRETT,S812 13 2 C,ROBBERY UNARMED
2009M00126,2009-01-13,Archie Delgado,784 041 2 A,BATTERY FELONY BATTERY OR DOMESTIC BATTERY BY STRANGULATION
2009M00127,2009-01-13,Carlos Jennings,iii,784 045 1 B A,AGGRAVATED BATTERY ON A PREGNANT PERSON
2009F00128,2009-01-13,Randall Lindsey,Alvin Hoffman,S784 041 1,FELONY BATTERY
2009F00129,2009-01-13,Susie Page,787 01 2,KIDNAP FALSE IMPRISONMENT
2009M00130,2009-01-13,Stevenson,Vernon,jr,mills,784 021 1A,AGGRAVATED ASSAULT DEADLY WEAPON
2009M00131,2009-01-13,Leah Rodriguez,STATE OF COLORADO,316 193 3 C 3 A,DUI MANSLAUGHTER
2009M00132,2009-01-14,Lowe,Preston,Farmer,Susie ,784 041 2 A,FELONY BATTERY OR DOMESTIC BATTERY BY STRANGULATION
2009M00133,2009-01-14,Gail Pratt,STATE OF COLORADO,784 03 1 A 1,BATTERY TOUCH OR STRIKE DOMESTIC RELATED
2009M00134,2009-01-14,Adrienne Swanson,Otis Leonard,784 03 1 A 2,ASSAULT DOMESTIC VIOLENCE
